id,sku,product_name,material
22,22,กลอนสแตนเลส Sendai #360-6in สีเงิน-สแตนเลส (SS) (ตัว),สแตนเลส
23,23,กลอนสแตนเลส Sendai #360-4in สีเงิน-สแตนเลส (SS) (ตัว),สแตนเลส
24,24,กลอนสแตนเลส Sendai #360-4in สีรมดำ (AC) (แผง),สแตนเลส
25,25,กลอนสแตนเลส Sendai #360-6in สีรมดำ (AC) (แผง),สแตนเลส
26,26,กลอนสแตนเลส Sendai #360-6in สีเงิน-สแตนเลส (SS) (แผง),สแตนเลส
27,27,กลอนสแตนเลส Sendai #360-4in สีเงิน-สแตนเลส (SS) (แผง),สแตนเลส
28,28,กลอนเหล็กพิมพ์ลาย Sendai #511-4in สีรมดำ (AC) (ตัว),เหล็ก
29,29,กลอนเหล็กพิมพ์ลาย Sendai #511-6in สีรมดำ (AC) (ตัว),เหล็ก
30,30,กลอนเหล็กพิมพ์ลาย Sendai #511-4in สีโครเมียม (CR) (ตัว),เหล็ก
31,31,กลอนเหล็กพิมพ์ลาย Sendai #511-6in สีโครเมียม (CR) (ตัว),เหล็ก
32,32,กลอนเหล็กพิมพ์ลาย Sendai #511-4in สีรมดำ (AC) (แผง),เหล็ก
33,33,กลอนเหล็กพิมพ์ลาย Sendai #511-6in สีรมดำ (AC) (แผง),เหล็ก
34,34,กลอนเหล็กพิมพ์ลาย Sendai #511-4in สีโครเมียม (CR) (แผง),เหล็ก
35,35,กลอนเหล็กพิมพ์ลาย Sendai #511-6in สีโครเมียม (CR) (แผง),เหล็ก
36,36,กลอนเหล็กลายพฤกษา Sendai #512-4in สีรมดำ (AC) (แผง),เหล็ก
37,37,กลอนเหล็กลายพฤกษา Sendai #512-6in สีรมดำ (AC) (แผง),เหล็ก
38,38,กลอนเหล็กจัมโบ้ Sendai #520-6in สีรมดำ (AC) (แผง),เหล็ก
39,39,กลอนเหล็กจัมโบ้ Sendai #520-6in สีรมดำ (AC) (แผง) (ตำหนิ),เหล็ก
40,40,กลอนเหล็กจัมโบ้ Sendai #520-6in สีโครเมียม (CR) (แผง) (ตำหนิ),เหล็ก
41,41,กลอนเหล็กจัมโบ้ Sendai #520-8in สีโครเมียม (CR) (แผง) (ตำหนิ),เหล็ก
42,42,กลอนเหล็กจัมโบ้ Sendai #520-8in สีรมดำ (AC) (แผง) (ตำหนิ),เหล็ก
43,43,กลอนเหล็กจัมโบ้ลายพฤกษา Sendai #530-6in สีรมดำ (AC) (แผง),เหล็ก
47,47,กลอนขวางเหล็กลายเรียบ Sendai #1885-4in สีรมดำ (AC),เหล็ก
48,48,กลอนสับสแตนเลส Sendai 4in สีรมดำ (AC),สแตนเลส
49,49,กลอนสับสแตนเลส Sendai 4in สีเงิน-สแตนเลส (SS),สแตนเลส
50,50,กลอนห้องน้ำกลาง Sendai #430 สีเงิน-สแตนเลส (SS) (ตัว),สแตนเลส
51,51,กลอนห้องน้ำกลาง Sendai #430 สีเงิน-สแตนเลส (SS) (แผง),สแตนเลส
57,57,กันชนแม่เหล็กหัวกลม Sendai สีน้ำตาล (แผง),เหล็ก
58,58,กันชนแม่เหล็กหัวกลม Sendai สีน้ำตาล (ตัว),เหล็ก
59,59,กันชนสแตนเลส DOME สีรมดำ (AC),สแตนเลส
60,60,กันชนสแตนเลส DOME สีเงิน-สแตนเลส (SS),สแตนเลส
61,61,ขากลอนเหล็กพิมพ์ลาย สีรมดำ (AC) (ตัว),เหล็ก
62,62,ขากลอนเหล็กพิมพ์ลาย สีโครเมียม (CR) (ตัว),เหล็ก
68,68,ขอสับเหล็ก Sendai #190 สีรมดำ (AC) (ตัว),เหล็ก
69,69,ขอสับเหล็ก Sendai #190 สีโครเมียม (CR) (ตัว),เหล็ก
70,70,ขอสับสแตนเลส Golden Lion #750 สีเงิน-สแตนเลส (SS) (ตัว),สแตนเลส
71,71,ขอสับสแตนเลส Golden Lion #750 สีเงิน-สแตนเลส (SS) (ตัว) (ไม่มีน็อต),สแตนเลส
74,74,ขอสับเหล็ก Sendai #190 สีรมดำ (AC) (แผง),เหล็ก
75,75,ขอสับเหล็ก Sendai #190 สีโครเมียม (CR) (แผง),เหล็ก
76,76,ขอสับสแตนเลส Golden Lion #750 สีเงิน-สแตนเลส (SS) (แผง),สแตนเลส
77,77,ขอสับสแตนเลส Sendai #750 สีเงิน-สแตนเลส (SS) (แผง),สแตนเลส
78,78,ขอสับสแตนเลส #740 สีเงิน-สแตนเลส (SS) (แผง),สแตนเลส
79,79,ขอสับสแตนเลส #670 สีเงิน-สแตนเลส (SS) (แผง),สแตนเลส
83,83,บานพับ JAC แหวนทองเหลือง Sendai #410 (แผง),ทองเหลือง
90,90,บานพับสแตนเลส Sendai #2043-4inx3inx2.5mm สีเงิน-สแตนเลส (SS) (แผง),สแตนเลส
91,91,บานพับสแตนเลส Sendai #2543-4inx3inx2.5mm สีทองแดงรมดำ (JBB) (แผง) 1,สแตนเลส
92,92,บานพับสแตนเลส Sendai #2543-4inx3inx2.5mm สีทองแดงรมดำ (JBB) (แผง) 2,สแตนเลส
93,93,บานพับสแตนเลส Sendai #3043-4inx3inx3mm สีทองแดงรมดำ (JBB) (แผง) 1,สแตนเลส
94,94,บานพับสแตนเลส Sendai #3043-4inx3inx3mm สีทองแดงรมดำ (JBB) (แผง) 2,สแตนเลส
95,95,บานพับสแตนเลส Sendai #2553-5inx3inx2.5mm สีทองแดงรมดำ (JBB) (แผง),สแตนเลส
96,96,บานพับผีเสื้อสแตนเลส Sendai #SUS304-4inx3inx2mm (แผง),สแตนเลส
97,97,บานพับสแตนเลสไม่มีแหวน Sendai #SUS304-4in (แผง),สแตนเลส
98,98,บานพับสแตนเลสไม่มีแหวน Sendai 3.5in (แผง),สแตนเลส
99,99,บานพับเหล็กแกนเล็ก Sendai #S-3215 สีรมดำ (AC) (แผง),เหล็ก
100,100,บานพับเหล็กแกนเล็ก Sendai #S-4315 สีรมดำ (AC) (แผง),เหล็ก
101,101,บานพับเหล็ก Sendai #3015-3in สีรมดำ (AC) (แผง),เหล็ก
102,102,บานพับเหล็ก Sendai #3215-3.5in สีรมดำ (AC) (แผง),เหล็ก
103,103,บานพับเหล็ก Sendai #4315-4in สีรมดำ (AC) (แผง),เหล็ก
104,104,บานพับเหล็ก Sendai #4315 สีเมทัลลิกดำ (MAC) (แผง),เหล็ก
105,105,บานพับสแตนเลสไม่มีแหวน Sendai 3.5in (ตัว),สแตนเลส
106,106,บานพับสแตนเลสไม่มีแหวน Sendai #SUS304-4in (ตัว),สแตนเลส
107,107,บานพับเหล็กแกนเล็ก Sendai #S-4315 สีรมดำ (AC) (ตัว),เหล็ก
108,108,บานพับเหล็ก Sendai #3015-3in สีรมดำ (AC) (ตัว),เหล็ก
109,109,บานพับเหล็ก Sendai #3215-3.5in สีรมดำ (AC) (ตัว),เหล็ก
110,110,บานพับเหล็ก Sendai #4315-4in สีรมดำ (AC) (ตัว),เหล็ก
118,118,บานพับหน้าต่างสแตนเลส Sendai 8in สีเงิน-สแตนเลส (SS) (แผง),สแตนเลส
119,119,บานพับหน้าต่างสแตนเลส Sendai 10in สีเงิน-สแตนเลส (SS) (แผง),สแตนเลส
120,120,บานพับหน้าต่างสแตนเลส Sendai 12in สีเงิน-สแตนเลส (SS) (แผง),สแตนเลส
128,128,มือจับสแตนเลส Sendai #760-125mm สีเงิน-สแตนเลส (SS) (ตัว),สแตนเลส
129,129,มือจับบัวเหล็ก Sendai #600-120mm สีรมดำ (AC) (ตัว),เหล็ก
130,130,มือจับบัวเหล็ก Sendai #600-120mm สีโครเมียม (CR) (ตัว),เหล็ก
131,131,มือจับบัวเหล็ก Sendai #800-150mm สีรมดำ (AC) (ตัว),เหล็ก
132,132,มือจับบัวเหล็ก Sendai #800-150mm สีโครเมียม (CR) (ตัว),เหล็ก
138,138,มือจับเหล็ก Sendai #6677-150mm สีรมดำ (AC) (ตัว),เหล็ก
139,139,มือจับเหล็ก Sendai #6677-200mm สีรมดำ (AC) (ตัว),เหล็ก
143,143,มือจับเหล็ก Sendai #6677-150mm สีรมดำ (AC) (แผง),เหล็ก
144,144,มือจับเหล็ก Sendai #6677-200mm สีรมดำ (AC) (แผง),เหล็ก
148,148,มือจับสแตนเลส Sendai #760-125mm สีเงิน-สแตนเลส (SS) (แผง),สแตนเลส
152,152,มือจับบัวเหล็ก Sendai #600-120mm สีรมดำ (AC) (แผง),เหล็ก
153,153,มือจับบัวเหล็ก Sendai #600-120mm สีโครเมียม (CR) (แผง),เหล็ก
154,154,มือจับบัวเหล็ก Sendai #800-150mm สีรมดำ (AC) (แผง),เหล็ก
155,155,มือจับบัวเหล็ก Sendai #800-150mm สีโครเมียม (CR) (แผง),เหล็ก
188,188,ลูกบิดห้องน้ำ Sendai #7400 สีเงิน-สแตนเลส (SS) (แผง),สแตนเลส
189,189,ลูกบิดห้องน้ำ BK #700 สีเงิน-สแตนเลส (SS) (แผง),สแตนเลส
191,191,ลูกบิด #8000 สีเงิน-สแตนเลส (SS) (แผง),สแตนเลส
203,203,กุญแจ DEAD LOCK Sendai #101 สีเงิน-สแตนเลส (SS),สแตนเลส
204,204,กุญแจมือจับประตู Sendai #641 สีเงิน-สแตนเลส (SS) (ถุง) (ไม่สวย),สแตนเลส
207,207,กุญแจมือจับประตู Sendai #643 สีเงิน-สแตนเลส (SS) (ถุง) (ไม่สวย),สแตนเลส
211,211,กุญแจมือจับประตูเหล็ก #HL316 สีรมดำ (AC) (แผง),เหล็ก
212,212,กุญแจมือจับประตูเหล็ก #HL316 สีโครเมียม (CR) (แผง),เหล็ก
213,213,กุญแจมือจับประตูเหล็ก #HL316 สีเงินด้าน (SN) (แผง),เหล็ก
214,214,กุญแจมือจับประตูเหล็ก #HL318 สีรมดำ (AC) (แผง),เหล็ก
215,215,กุญแจมือจับประตูเหล็ก #HL318 สีโครเมียม (CR) (แผง),เหล็ก
216,216,กุญแจมือจับประตูเหล็ก #HL318 สีเงินด้าน (SN) (แผง),เหล็ก
245,245,กุญแจแขวนทองเหลืองแท้คอสั้น Sendai 45mm,ทองเหลือง
246,246,กุญแจแขวนทองเหลืองแท้คอสั้น Sendai 50mm,ทองเหลือง
247,247,กุญแจแขวนทองเหลืองแท้คอยาว Sendai 45mm,ทองเหลือง
268,268,ฆ้อนด้ามไฟเบอร์ Sendai (แผง),ไฟเบอร์
269,269,ฆ้อนด้ามไฟเบอร์ตารางกันลื่น Sendai (แผง),ไฟเบอร์
270,270,ฆ้อนด้ามไฟเบอร์ Sendai #BSN01,ไฟเบอร์
271,271,ฆ้อนด้ามไฟเบอร์ตารางกันลื่น FN Sendai #BSN02,ไฟเบอร์
272,272,ฆ้อนหัวกลมด้ามไฟเบอร์ BALL 16 OZ Sendai #BSN10,ไฟเบอร์
273,273,ฆ้อนหัวกลมด้ามไฟเบอร์ BALL 24 OZ Sendai #BSN15,ไฟเบอร์
274,274,ฆ้อนหัวกลมด้ามไฟเบอร์ BALL 32 OZ Sendai #BSN20,ไฟเบอร์
275,275,ฆ้อนยางด้ามไฟเบอร์ 16 OZ RUBBERE Sendai #BSN16,ไฟเบอร์
295,304,ดจ.เหล็ก Sendai 23/64in,เหล็ก
296,305,ดจ.เหล็ก Sendai 15/32in,เหล็ก
297,306,ดจ.สแตนเลส Sendai 7/64in,สแตนเลส
298,307,ดจ.สแตนเลส Sendai 7/16in,สแตนเลส
299,308,ดจ.สแตนเลสกล่องดำ Golden Lion 9/64in,สแตนเลส
300,309,ดจ.สแตนเลสซอง Golden Lion 1/16in,สแตนเลส
301,310,ดจ.สแตนเลสซอง Golden Lion 5/64in,สแตนเลส
302,311,ดจ.สแตนเลสซอง Golden Lion 3/32in,สแตนเลส
303,312,ดจ.สแตนเลสซอง Golden Lion 7/64in,สแตนเลส
304,313,ดจ.สแตนเลสซอง Golden Lion 9/64in,สแตนเลส
305,314,ดจ.สแตนเลสซอง Golden Lion 3/16in,สแตนเลส
306,315,ดจ.สแตนเลสซอง Golden Lion 7/32in,สแตนเลส
307,316,ดจ.สแตนเลสซอง Golden Lion 7/16in,สแตนเลส
308,317,ดจ.สแตนเลสกล่องน้ำเงิน Golden Lion 5/32in,สแตนเลส
309,318,ดจ.สแตนเลสกล่องน้ำเงิน Golden Lion 1/4in,สแตนเลส
310,319,ดจ.สแตนเลสกล่องน้ำเงิน Golden Lion 3/16in,สแตนเลส
311,321,ดจ.สแตนเลสกล่องแดง Golden Lion 1/16in,สแตนเลส
312,322,ดจ.สแตนเลสกล่องแดง Golden Lion 5/64in,สแตนเลส
313,323,ดจ.สแตนเลสกล่องแดง Golden Lion 3/32in,สแตนเลส
314,324,ดจ.สแตนเลสกล่องแดง Golden Lion 7/64in,สแตนเลส
315,325,ดจ.สแตนเลสกล่องแดง Golden Lion 1/8in,สแตนเลส
316,326,ดจ.สแตนเลสกล่องแดง Golden Lion 5/32in,สแตนเลส
317,327,ดจ.สแตนเลสกล่องแดง Golden Lion 13/64in,สแตนเลส
318,328,ดจ.สแตนเลสกล่องเหลือง Golden Lion 1/16in,สแตนเลส
319,329,ดจ.สแตนเลสกล่องเหลือง Golden Lion 5/64in,สแตนเลส
320,330,ดจ.สแตนเลสกล่องเหลือง Golden Lion 3/32in,สแตนเลส
321,331,ดจ.สแตนเลสกล่องเหลือง Golden Lion 7/64in,สแตนเลส
322,332,ดจ.สแตนเลสกล่องเหลือง Golden Lion 9/64in,สแตนเลส
323,333,ดจ.สแตนเลสกล่องเหลือง Golden Lion 5/32in,สแตนเลส
324,334,ดจ.สแตนเลสกล่องเหลือง Golden Lion 11/64in,สแตนเลส
325,335,ดจ.สแตนเลสกล่องเหลือง Golden Lion 3/16in,สแตนเลส
326,336,ดจ.สแตนเลสกล่องเหลือง Golden Lion 7/32in,สแตนเลส
327,337,ดจ.สแตนเลสกล่องเหลือง Golden Lion 1/4in,สแตนเลส
328,338,ดจ.สแตนเลสกล่องเหลือง Golden Lion 3/8in,สแตนเลส
329,339,ดจ.สแตนเลสกล่องเหลือง Golden Lion 5/16in,สแตนเลส
330,341,ดจ.สแตนเลสกล่องเหลือง Golden Lion 1/2in,สแตนเลส
331,343,ดจ.สแตนเลสกล่องเหลือง Golden Lion 4mm,สแตนเลส
332,344,ดจ.สแตนเลสกล่องเหลือง Golden Lion 5mm,สแตนเลส
333,345,ดจ.สแตนเลสกล่องเหลือง Golden Lion 6mm,สแตนเลส
334,346,ดจ.สแตนเลสกล่องเหลือง Golden Lion 7mm,สแตนเลส
335,348,ดจ.สแตนเลสกล่องเหลือง Golden Lion 8mm,สแตนเลส
336,349,ดจ.สแตนเลสกล่องเหลือง Golden Lion 10mm,สแตนเลส
337,350,ดจ.สแตนเลสกล่องเหลือง Golden Lion 12mm,สแตนเลส
379,402,ใบตัดยางมะตอย Golden Lion #14377-14in,ยาง
380,403,ใบเลื่อยวงเดือนตัดไม้ 24T Golden Lion 4in,ไม้
381,404,ใบเลื่อยวงเดือนตัดไม้ 30T Golden Lion 4in,ไม้
382,405,ใบเลื่อยวงเดือนตัดไม้ 40T Golden Lion 4in,ไม้
383,406,ใบเลื่อยวงเดือนตัดไม้ 30T Golden Lion 7in,ไม้
384,407,ใบเลื่อยวงเดือนตัดไม้ 60T Golden Lion 7in,ไม้
390,413,แผ่นตัดเหล็กบาง 1.2 A60 T41 Golden Lion 4in (EXP:07/2022),เหล็ก
391,414,แผ่นตัดเหล็กบาง Super Thin Golden Lion 4in (EXP:07/2027),เหล็ก
392,415,แผ่นตัดเหล็ก Super Plus Golden Lion 4in (EXP:06/2020),เหล็ก
393,416,แผ่นตัดเหล็กใย 1 ชั้น WA36 Golden Lion 4in (EXP:04/2019),เหล็ก
400,426,พุกพลาสติกกล่องเขียว #6,พลาสติก
401,427,พุกพลาสติกกล่องเขียว #7,พลาสติก
402,428,พุกพลาสติกกล่องเขียว #8,พลาสติก
403,429,พุกพลาสติกกล่องเขียว #10,พลาสติก
404,430,พุกพลาสติกกล่องแดง #5,พลาสติก
405,431,พุกพลาสติกกล่องแดง #6,พลาสติก
406,432,พุกพลาสติกกล่องแดง #7,พลาสติก
407,433,พุกพลาสติกกล่องแดง #8,พลาสติก
408,434,พุกพลาสติกกล่องแดง #10,พลาสติก
409,435,พุกพลาสติกพร้อมน็อต #5 สีชมพู,พลาสติก
410,436,พุกพลาสติกพร้อมน็อต #6 สีขาว,พลาสติก
411,437,พุกพลาสติกพร้อมน็อต #7 สีเขียว,พลาสติก
412,438,พุกพลาสติกพร้อมน็อต #8 สีแดง,พลาสติก
413,439,พุกพลาสติกพร้อมน็อต #10 สีขาว,พลาสติก
414,440,พุกพลาสติกแบบกิโล #7,พลาสติก
415,441,พุกพลาสติกแบบกิโล #8,พลาสติก
416,442,พุกพลาสติกแบบกิโล #10,พลาสติก
455,484,ระดับน้ำแม่เหล็ก HEAVY Sendai #103-24in สีแดง,เหล็ก
494,524,เหล็กโป้วสีสแตนเลส Sendai #S333-1in,สแตนเลส
495,525,เหล็กโป้วสีสแตนเลส Sendai #S333-1.5in,สแตนเลส
496,527,เหล็กโป้วสีสแตนเลส Sendai #S333-2in,สแตนเลส
497,528,เหล็กโป้วสีสแตนเลส Sendai #S333-2.5in,สแตนเลส
542,574,กรรไกรตัดเหล็กเส้น MACOH 18in,เหล็ก
543,575,กรรไกรตัดเหล็กเส้น MACOH 24in,เหล็ก
544,576,กรรไกรตัดเหล็กเส้น MACOH 30in,เหล็ก
545,577,กรรไกรตัดเหล็กเส้น MACOH 36in,เหล็ก
546,578,กรรไกรตัดเหล็กเส้น MACOH 42in,เหล็ก
547,579,เกียงสามเหลี่ยมด้ามไม้ PSW,ไม้
557,590,กุญแจมือจับ CTX #809 สีเงิน-สแตนเลส (SS),สแตนเลส
559,592,กลอนเหล็กลายเรียบ 4in สีรมดำ (AC),เหล็ก
560,593,กลอนเหล็กลายเรียบ 6in สีรมดำ (AC),เหล็ก
561,594,กลอนเหล็กลายเรียบ 4in สีโครเมียม (CR),เหล็ก
562,595,กลอนเหล็กลายเรียบ 6in สีโครเมียม (CR),เหล็ก
563,596,เกลียวเหล็ก 4x1/2,เหล็ก
564,597,เกลียวเหล็ก 8x1/2,เหล็ก
573,606,กาวยางหมา 600 ml,ยาง
580,613,แผ่นขัดไนล่อนสแตนเลส 4in,สแตนเลส
606,639,คีมผูกขาหุ้มยาง LAMY 8in,ยาง
607,640,โครงเลื่อยเหล็กแฟนซี LAMY,เหล็ก
608,641,ฆ้อนยางเล็ก+ด้ามไม้,ยาง
609,642,ฆ้อนยางด้ามไม้เล็ก (แพ็ค),ยาง
610,643,ฆ้อนยางด้ามไม้กลาง (แพ็ค),ยาง
619,652,ฉากวัดไม้ META 10in,ไม้
620,653,ฉากวัดไม้ META 12in,ไม้
621,654,ดอกไขควงลมปลอกแม่เหล็ก +/+ 65mm,เหล็ก
623,656,ดจ.สแตนเลสซองแดง 7/32,สแตนเลส
624,657,ดจ.สแตนเลส META 11/32,สแตนเลส
625,658,ดจ.สแตนเลส META 1/2,สแตนเลส
626,659,ดจ.สแตนเลสดอก META 1/8 สีชา,สแตนเลส
631,664,ดจ.ไม้ไฟฟ้า 3/8x8in,ไม้
632,665,ดจ.ไม้ไฟฟ้า 3/8x12in,ไม้
633,666,ดจ.ไม้ไฟฟ้า 1/2x12in,ไม้
643,676,ดจ./ปูนเหล็กเหนียว Heller 10x120mm,เหล็ก
644,677,ดจ./ปูนเหล็กเหนียว Heller 8x200mm,เหล็ก
645,678,ดจ./ปูนเหล็กเหนียว Heller 12x150mm,เหล็ก
646,679,ดจ./ปูนเหล็กเหนียว Heller 12x220mm,เหล็ก
647,680,ดจ./ปูนเหล็กเหนียว Heller 13x150mm,เหล็ก
648,681,ตลับเมตรพลาสติกใส 5m,พลาสติก
649,682,ตลับเมตรหุ้มยาง BullTech 5m,ยาง
650,683,ตลับเมตรหุ้มยาง BullTech 7.5m,ยาง
651,684,ตลับเมตรหุ้มยาง BullTech 10m,ยาง
652,685,ตลับเมตรพลาสติก META 2m,พลาสติก
653,686,ตลับเมตรหุ้มยาง META #100-3.5m,ยาง
654,687,ตลับเมตรหุ้มยาง META #101-5m,ยาง
655,688,ตลับเมตรหุ้มยาง META #102-7.5m,ยาง
656,689,ตลับเมตรหุ้มยาง META #103-10m,ยาง
688,721,ถุงมือผ้าเคลือบยางพารา,ยาง
689,722,ถุงมือยาง S สีส้ม,ยาง
690,723,ถุงมือยาง M สีส้ม,ยาง
691,724,ถุงมือยาง L สีส้ม,ยาง
705,738,น็อตเหล็ก Fastenic 1/4,เหล็ก
706,739,น็อตเหล็ก Fastenic 5/16,เหล็ก
707,740,น็อตเหล็ก Fastenic 3/8,เหล็ก
708,741,น็อตเหล็ก Fastenic 1/2,เหล็ก
718,751,บานพับเหล็ก KPS 1.5in,เหล็ก
719,752,บานพับสแตนเลส LINK 3in,สแตนเลส
730,763,ปากกาเคมี 2 หัว ตราม้า สีน้ำเงิน,เคมี
731,764,ปากกาเคมี 2 หัว ตราม้า สีแดง,เคมี
737,770,แปรงลวดเหล็ก 4 แถว STAR,เหล็ก
738,771,แปรงลวดเหล็ก 5 แถว STAR,เหล็ก
739,772,แปรงลวดเหล็ก 6 แถว STAR,เหล็ก
757,790,แปรงทาสีขนดำ KP 1in,ขนดำ
758,791,แปรงทาสีขนดำ KP 1.5in,ขนดำ
759,792,แปรงทาสีขนดำ KP 2in,ขนดำ
760,793,แปรงทาสีขนดำ KP 2.5in,ขนดำ
761,794,แปรงทาสีขนดำ KP 3in,ขนดำ
762,795,แปรงทาสีขนดำ KP 4in,ขนดำ
767,800,ผ้ายิปซั่ม Eagle One,ผ้า
768,801,ฟองน้ำฉาบปูน 1in,ฟองน้ำ
769,802,มือจับเหล็กปั้ม #777 สีรมดำ (AC),เหล็ก
770,803,มือจับเหล็กปั้ม #999 สีรมดำ (AC),เหล็ก
771,804,มือจับเหล็กปั้ม #999 สีโครเมียม (CR),เหล็ก
772,805,ระดับน้ำแม่เหล็ก META 9in,เหล็ก
773,806,ระดับน้ำแม่เหล็ก META 24in,เหล็ก
775,808,ลูกบิดห้องนอน BEYOND #587 สีเงิน-สแตนเลส (SS),สแตนเลส
790,823,ลูกกลิ้งเคมี+ด้าม+ด้าม 17นิ้ว Eagle One 4in/17in,เคมี
791,824,ลูกกลิ้งขนแกะ+ด้าม+ด้าม 17นิ้ว Eagle One 4in/17in,ขนแกะ
792,825,อะไหล่ลูกกลิ้งขนแกะ Eagle One 4in,ขนแกะ
812,846,สิ่วด้ามไฟเบอร์ King Eagle 1/4in,ไฟเบอร์
813,847,สิ่วด้ามไฟเบอร์ King Eagle 1.25in,ไฟเบอร์
814,848,สิ่วด้ามไฟเบอร์ King Eagle 1.5in,ไฟเบอร์
815,849,เหล็กโป้วสีสแตนเลสด้ามดำ 1.5in,สแตนเลส
816,850,เหล็กโป้วสีด้ามเหลือง #19-1in สีเงิน-สแตนเลส (SS),สแตนเลส
817,851,เหล็กโป้วสีด้ามเหลือง #19-1.5in สีเงิน-สแตนเลส (SS),สแตนเลส
818,852,เหล็กโป้วสีด้ามเหลือง #19-2in สีเงิน-สแตนเลส (SS),สแตนเลส
819,853,เหล็กโป้วสีด้ามเหลือง #19-2.5in สีเงิน-สแตนเลส (SS),สแตนเลส
820,854,เหล็กโป้วสีด้ามเหลือง #19-3in สีเงิน-สแตนเลส (SS),สแตนเลส
821,855,เหล็กโป้วสีด้ามเหลือง #19-4in สีเงิน-สแตนเลส (SS),สแตนเลส
822,856,เหล็กโป้วสีด้ามเหลือง #19-5in สีเงิน-สแตนเลส (SS),สแตนเลส
823,857,เหล็กโป้วสีด้ามเหลือง #19-6in สีเงิน-สแตนเลส (SS),สแตนเลส
824,858,เหล็กโป้วสีสแตนเลส META 1in (ไม่สวย),สแตนเลส
825,859,เหล็กโป้วสีสแตนเลส META 1.5in (ไม่สวย),สแตนเลส
826,860,เหล็กโป้วสีสแตนเลส META 3in,สแตนเลส
827,861,เหล็กโป้วสีสแตนเลส META 4in,สแตนเลส
828,862,เหล็กโป้วสีสแตนเลส META 5in,สแตนเลส
829,863,เหล็กโป้วสีสแตนเลส META 6in,สแตนเลส
830,864,เหล็กส่ง META,เหล็ก
831,865,เหล็กสกัดหุ้มยางปากชุบแข็ง+ Eagle One,ยาง
832,866,อะไหล่ปากกาอัดไม้ #1,ไม้
833,867,อะไหล่ปากกาอัดไม้ #2,ไม้
834,868,อะไหล่ปากกาอัดไม้ #3,ไม้
835,869,แกนเกลียวปากกาอัดไม้,ไม้
840,874,ผ้ากันเปื้อนยีนส์ Sendai,ผ้า
841,875,ผ้ากันเปื้อนยีนส์ (ไม่สกรีน),ผ้า
850,884,ดอกเจาะ 7/32 สีเงิน-สแตนเลส (SS),สแตนเลส
858,892,พุกพลาสติกแบบกิโล #7 สีขาว,พลาสติก
859,893,พุกพลาสติกแบบกิโล #8 สีขาว,พลาสติก
860,894,พุกพลาสติกแบบกิโล #10 สีขาว,พลาสติก
864,902,ลูกกลิ้งขนแกะ+ด้าม Eagle One 4in/26in,ขนแกะ
866,904,สิ่วลบเหลี่ยมด้ามไฟเบอร์ META 1/2in,ไฟเบอร์
867,905,สิ่วลบเหลี่ยมด้ามไฟเบอร์ META 3/4in,ไฟเบอร์
872,910,กาวติดเหล็กหลอดคู่ 2T ALTECO,เหล็ก
877,914,เกลียวเหล็กหัวเตเปอร์ #7x-1.25in,เหล็ก
878,915,พู่กันจีนบักปิก ด้ามไม้ไผ่,ไม้
879,916,ฆ้อนยางกลาง+ด้าม,ยาง
880,917,ฆ้อนยางใหญ่+ด้าม,ยาง
881,918,เกียงสี่เหลี่ยมด้ามไม้ King Eagle,ไม้
884,921,ปากกาเคมี 2 หัว ตราม้า สีดำ,เคมี
886,923,กุญแจแขวนทองเหลืองแท้คอยาว Sendai 50mm,ทองเหลือง
887,924,กลอนห้องน้ำกลาง Sendai #1000 สีเงิน-สแตนเลส (SS),สแตนเลส
888,925,กลอนเหล็กจัมโบ้ Sendai #520-12in สีรมดำ (AC) (แผง),เหล็ก
891,928,กันชนแม่เหล็กเชิงเทียนหัวกลม Sendai (แผง),เหล็ก
897,934,บานพับเหล็ก Sendai #3215 สีเงินด้าน (SN) (แผง),เหล็ก
909,946,ดจ.สแตนเลสกล่องเหลือง Golden Lion 1/8,สแตนเลส
912,949,พุกพลาสติกพุกพลาสติก Sendai #6-1kg,พลาสติก
913,950,พุกพลาสติกกล่องเขียว Sendai #5,พลาสติก
925,962,กรรไกรตัดเหล็กเส้น 18 Eagle One,เหล็ก
930,967,กันชนตู้แม่เหล็กสีน้ำตาลใหญ่,เหล็ก
934,971,คีมผูกลวด 8ขาหุ้มยาง Eagle One (แผง),ยาง
935,972,ฆ้อนด้ามไฟเบอร์ META 18mm,ไฟเบอร์
936,973,ฆ้อนด้ามไฟเบอร์ KC,ไฟเบอร์
937,974,ฆ้อนด้ามไฟเบอร์ LAMY,ไฟเบอร์
938,975,ฆ้อนด้ามไฟเบอร์ MOSU,ไฟเบอร์
939,976,ฆ้อนยางด้ามไม้ใหญ่ (แพ็ค),ยาง
961,998,ดจ.ไม้ไฟฟ้า 1/2x8in,ไม้
962,999,ดจ.ไม้ไฟฟ้ามีเดือย 3/8x8in,ไม้
963,1000,ดจ.ไม้ไฟฟ้า 5/8x12in,ไม้
966,1003,ดจ.สแตนเลส META 7/16,สแตนเลส
967,1004,ดจ.สแตนเลส SOMIC 7/16,สแตนเลส
968,1005,ดจ.สแตนเลส META 7/64,สแตนเลส
986,1023,บานพับเหล็ก KPS 2in,เหล็ก
987,1024,บานพับเหล็ก KPS 2.5in,เหล็ก
989,1026,พุกพลาสติก #7,พลาสติก
993,1030,มือจับเหล็กปั้ม #777 สีโครเมียม (CR),เหล็ก
996,1033,ระดับน้ำแม่เหล็ก Eagle One 9in,เหล็ก
1010,1047,เหล็กสกัดหุ้มยางปากชุบแข็งแบน,ยาง
1011,1048,เหล็กสกัดหุ้มยางปากชุบแข็งแหลม,ยาง
1012,1049,เหล็กโป้วสี SOMIC 1in,เหล็ก
1013,1050,เหล็กโป้วสี SOMIC 3in,เหล็ก
1014,1051,เหล็กโป้วสี SOMIC 4in,เหล็ก
1015,1052,เหล็กโป้วสี SOMIC 5in,เหล็ก
1016,1053,เหล็กโป้วสี SOMIC 6in,เหล็ก
1028,1065,ใบเลื่อยวงเดือนตัดไม้ 24T Golden Lion 7in,ไม้
1032,1069,กรรไกรตัดกิ่งไม้ META #MT-555,ไม้
1034,1071,กรรไกรตัดผ้าหุ้มยาง #1,ยาง
1035,1072,กรรไกรตัดผ้าหุ้มยาง #2,ยาง
1036,1073,กรรไกรตัดผ้าหุ้มยาง #3,ยาง
1037,1074,กรรไกรตัดผ้าหุ้มยางดอกทานตะวัน #3,ยาง
1043,1080,กรรไกรตัดหญ้าด้ามไฟเบอร์ Eagle One,ไฟเบอร์
1044,1081,กรรไกรตัดหญ้าด้ามไม้ Eagle One,ไม้
1047,1084,กระดาษทรายขัดไม้ จระเข้ #0,ไม้
1048,1085,กระดาษทรายขัดไม้ จระเข้ #1,ไม้
1049,1086,กระดาษทรายขัดไม้ จระเข้ #2,ไม้
1050,1087,กระดาษทรายขัดไม้ จระเข้ #3,ไม้
1051,1088,กระดาษทรายขัดไม้ ปลาฉลาม #3,ไม้
1052,1089,กระดาษทรายขัดไม้ จระเข้ #4,ไม้
1085,1122,กลอนลูกเสือเหล็ก #1240-4in สีนิกเกิล (NK) (แผง),เหล็ก
1086,1123,กลอนเหล็กรมดำลายหลุยส์ Sendai 4in,เหล็ก
1087,1124,กลอนเหล็กรมดำลายหลุยส์ Sendai 6in,เหล็ก
1102,1139,กาวยาง หมา #X-66-200ml,ยาง
1143,1180,กุญแจมือจับประตู Sendai #643 สีเงิน-สแตนเลส (SS) (แผง),สแตนเลส
1151,1188,กุญแจเหล็กชุบ FION 25mm,เหล็ก
1152,1189,กุญแจเหล็กชุบคอยาว FION 25mm,เหล็ก
1153,1190,กุญแจเหล็กชุบ FION 32mm,เหล็ก
1154,1191,กุญแจเหล็กชุบคอยาว FION 32mm,เหล็ก
1155,1192,กุญแจเหล็กชุบ FION 38mm,เหล็ก
1156,1193,กุญแจเหล็กชุบคอยาว FION 38mm,เหล็ก
1157,1194,กุญแจเหล็กชุบ FION 50mm,เหล็ก
1158,1195,กุญแจเหล็กชุบคอยาว FION 50mm,เหล็ก
1159,1196,กุญแจเหล็กชุบ FION 32mm (แผง),เหล็ก
1160,1197,กุญแจเหล็กชุบ FION 38mm (แผง),เหล็ก
1161,1198,กุญแจเหล็กชุบ FION 50mm (แผง),เหล็ก
1162,1199,กุญแจเหล็กชุบ L FION 25mm (แผง),เหล็ก
1163,1200,กุญแจเหล็กชุบ L FION 32mm (แผง),เหล็ก
1164,1201,กุญแจเหล็กชุบ L FION 38mm (แผง),เหล็ก
1165,1202,กุญแจเหล็กชุบ L FION 50mm (แผง),เหล็ก
1217,1254,ฆ้อนช่างทองด้ามไฟเบอร์ Sendai 200g,ไฟเบอร์
1218,1255,ฆ้อนทุบหินด้ามไฟเบอร์ 2 ปอนด์,ไฟเบอร์
1219,1256,ฆ้อนหงอนด้ามไฟเบอร์มีแม่เหล็ก META,ไฟเบอร์
1220,1257,ฆ้อนหงอนด้ามไม้โอ๊ค META,ไม้
1252,1289,ดจ.เหล็ก MACOH 1/16,เหล็ก
1253,1290,ดจ.เหล็ก MACOH 1/2,เหล็ก
1254,1291,ดจ.เหล็ก MACOH 1/32,เหล็ก
1255,1292,ดจ.เหล็ก MACOH 1/4,เหล็ก
1256,1293,ดจ.เหล็ก MACOH 1/8,เหล็ก
1257,1294,ดจ.เหล็ก MACOH 11/64,เหล็ก
1258,1295,ดจ.เหล็ก MACOH 25/64,เหล็ก
1259,1296,ดจ.เหล็ก MACOH 3/16,เหล็ก
1260,1297,ดจ.เหล็ก MACOH 3/32,เหล็ก
1261,1298,ดจ.เหล็ก MACOH 3/64,เหล็ก
1262,1299,ดจ.เหล็ก MACOH 3/8,เหล็ก
1263,1300,ดจ.เหล็ก MACOH 5/16,เหล็ก
1264,1301,ดจ.เหล็ก MACOH 5/32,เหล็ก
1265,1302,ดจ.เหล็ก MACOH 5/64,เหล็ก
1266,1303,ดจ.เหล็ก MACOH 7/16,เหล็ก
1267,1304,ดจ.เหล็ก MACOH 7/64,เหล็ก
1268,1305,ดจ.เหล็ก MACOH 9/64,เหล็ก
1269,1306,ดจ.ไม้ไฟฟ้า TW King Eagle 3/4x5,ไม้
1270,1307,ดจ.สแตนเลสกล่องแดง Golden Lion 1/2in,สแตนเลส
1271,1308,ดจ.สแตนเลส META 1/32in,สแตนเลส
1272,1309,ดจ.สแตนเลส META 1/4in,สแตนเลส
1273,1310,ดจ.สแตนเลส META 1/8in,สแตนเลส
1274,1311,ดจ.สแตนเลสกล่องน้ำเงิน Golden Lion 1/8in,สแตนเลส
1275,1312,ดจ.สแตนเลส META 11/64in,สแตนเลส
1276,1313,ดจ.สแตนเลส META 3/16in,สแตนเลส
1277,1314,ดจ.สแตนเลส Sendai 3/16in,สแตนเลส
1278,1315,ดจ.สแตนเลสกล่องแดง Golden Lion 3/16in,สแตนเลส
1279,1316,ดจ.สแตนเลส META 3/32in,สแตนเลส
1280,1317,ดจ.สแตนเลสต.ป. META 3/4in,สแตนเลส
1281,1318,ดจ.สแตนเลส META 3/8in,สแตนเลส
1282,1319,ดจ.สแตนเลส 5/16 META 5/16in,สแตนเลส
1283,1320,ดจ.สแตนเลสกล่องแดง Golden Lion 5/16in,สแตนเลส
1284,1321,ดจ.สแตนเลส META 5/32in,สแตนเลส
1285,1322,ดจ.สแตนเลส META 7/32in,สแตนเลส
1286,1323,ดจ.สแตนเลส META 9/64in,สแตนเลส
1287,1324,ดจ.สแตนเลสกล่องแดง Golden Lion 9/64in,สแตนเลส
1288,1325,ดจ.สแตนเลส META 1/4in สีชา,สแตนเลส
1289,1326,ดจ.สแตนเลส META 21/64in สีชา,สแตนเลส
1290,1327,ดจ.สแตนเลส META 3/16in สีชา,สแตนเลส
1291,1328,ดจ.สแตนเลส META 3/8in สีชา,สแตนเลส
1292,1329,ดจ.สแตนเลส META 7/16in สีชา,สแตนเลส
1293,1330,ดจ.สแตนเลส META 9/64in สีชา,สแตนเลส
1294,1331,ดจ.สแตนเลส 25/64 กล่องเหลือง Golden Lion 25/64in (10mm),สแตนเลส
1295,1332,ดจ.สแตนเลส 15/32 กล่องเหลือง Golden Lion 15/32in (12mm),สแตนเลส
1296,1333,ดจ.สแตนเลส 1/8 กล่องเหลือง Golden Lion 1/8in (3mm),สแตนเลส
1297,1334,ดจ.สแตนเลส 5/32 กล่องเหลือง Golden Lion 5/32in (4mm),สแตนเลส
1298,1335,ดจ.สแตนเลส 13/64 กล่องเหลือง Golden Lion 13/64in (5mm),สแตนเลส
1299,1336,ดจ.สแตนเลส 15/64 กล่องเหลือง Golden Lion 15/64in (6mm),สแตนเลส
1300,1337,ดจ.สแตนเลส 9/32 กล่องเหลือง Golden Lion 9/32in (7mm),สแตนเลส
1301,1338,ดจ.สแตนเลส 5/16 กล่องเหลือง Golden Lion 5/16in (8mm),สแตนเลส
1310,1347,ดอกสว่านเจาะเหล็ก M2 1/4in,เหล็ก
1311,1348,ดอกสว่านเจาะเหล็ก M2 3/8in,เหล็ก
1312,1349,ดอกสแตนเลส SUNFLOWER 7/32in,สแตนเลส
1320,1357,ดินสอช่างไม้พระจันทร์แท้,ไม้
1321,1358,ดินสอช่างไม้ Yokomo,ไม้
1324,1361,ตลับเมตรหุ้มยาง OK 3.5m,ยาง
1326,1363,ตลับเมตรพลาสติกใส PLUS OK 5m,พลาสติก
1328,1365,ตลับเมตรมีแม่เหล็ก Tylon #103-10m,เหล็ก
1329,1366,ตลับเมตรมีแม่เหล็ก Tylon #100-3.5m,เหล็ก
1330,1367,ตลับเมตรมีแม่เหล็ก Tylon #101-5m,เหล็ก
1331,1368,ตลับเมตรมีแม่เหล็ก Tylon #102-7.5m,เหล็ก
1332,1369,ตลับเมตรพลาสติก META #58-2m,พลาสติก
1338,1375,ตะปูควงเหล็ก ตรา M 3x12,เหล็ก
1358,1395,ถุงมือกรีดยาง,ยาง
1359,1396,ถุงมือผ้าขอบแดง 400g,ผ้า
1360,1397,ถุงมือผ้าขอบเขียว 500g,ผ้า
1361,1398,ถุงมือผ้า 700g สีเทา,ผ้า
1362,1399,ถุงมือผ้าขอบเหลืองหนา 700g,ผ้า
1363,1400,ถุงมือยางหนา Tiger Tex สีดำ,ยาง
1400,1437,บานพับสแตนเลส #3053-5inx3inx3mm สีทองแดงรมดำ (JBB) (แผง),สแตนเลส
1401,1438,บานพับถอดได้ PVC เหล็ก สีเทา,เหล็ก
1416,1453,บานพับเหล็ก KPS 3in,เหล็ก
1417,1454,บานพับเหล็ก KPS 4in,เหล็ก
1418,1455,บานพับเหล็ก Sendai #4315 สีเงินด้าน (SN) (แผง),เหล็ก
1439,1476,ผ้าทรายสายพาน เกือกม้า #100,ผ้า
1440,1477,ผ้าทรายสายพาน เกือกม้า #120,ผ้า
1441,1478,ผ้าทรายสายพาน เกือกม้า #150,ผ้า
1442,1479,ผ้าทรายสายพาน เกือกม้า #40,ผ้า
1443,1480,ผ้าทรายสายพาน เกือกม้า #60,ผ้า
1444,1481,ผ้าทรายสายพาน เกือกม้า #80,ผ้า
1445,1482,ผ้าทรายสายพาน 4x24inx100in,ผ้า
1446,1483,ผ้าทรายสายพาน 4x24inx120in,ผ้า
1447,1484,ผ้าทรายสายพาน 4x24inx60in,ผ้า
1448,1485,ผ้าทรายสายพาน 4x24inx80in,ผ้า
1449,1486,ผ้าปิดจมูก สีขาว,ผ้า
1450,1487,ผ้าปิดจมูก สีดำ,ผ้า
1451,1488,ผ้าเทปยิปซั่ม GOLD 30mmx12yd,ผ้า
1452,1489,ฝักบัวชำระ+สายหัวสแตนเลส/สายสแตนเลส SPA,สแตนเลส
1456,1493,ฝาส้วมทองเหลือง DUSS 5in,ทองเหลือง
1457,1494,พลั่วตักดินเหล็ก,เหล็ก
1458,1495,พลั่วเหล็ก APCO ปลายตัดสีระเบิด,เหล็ก
1459,1496,พลาสติกกันชื้น,พลาสติก
1460,1497,พู่กันปากกลมขนดำ STAR #12,ขนดำ
1461,1498,พู่กันปากกลมขนดำ STAR #4,ขนดำ
1462,1499,พู่กันปากกลมขนดำ STAR #6,ขนดำ
1463,1500,พู่กันปากกลมขนดำ STAR #8,ขนดำ
1472,1509,พู่กันปากแบนขนดำ STAR #12,ขนดำ
1473,1510,พู่กันปากแบนขนดำ STAR #16,ขนดำ
1474,1511,พู่กันปากแบนขนดำ STAR #18,ขนดำ
1475,1512,พู่กันปากแบนขนดำ STAR #2,ขนดำ
1476,1513,พู่กันปากแบนขนดำ STAR #20,ขนดำ
1477,1514,พู่กันปากแบนขนดำ STAR #24,ขนดำ
1478,1515,พู่กันปากแบนขนดำ STAR #4,ขนดำ
1479,1516,พู่กันปากแบนขนดำ STAR #8,ขนดำ
1480,1517,พู่กันสง่าขนดำ #1,ขนดำ
1481,1518,พู่กันสง่าขนดำ #14,ขนดำ
1482,1519,พู่กันสง่าขนดำ #2,ขนดำ
1483,1520,พู่กันสง่าขนดำ #4,ขนดำ
1484,1521,พู่กันสง่าขนดำ #6,ขนดำ
1485,1522,ฟองน้ำถูพื้นอย่างหนา,ฟองน้ำ
1497,1534,มือจับสลักลาย #7210-'-280mm สีเงิน-สแตนเลส (SS),สแตนเลส
1498,1535,มือจับสลักลาย #7210-'-350mm สีเงิน-สแตนเลส (SS),สแตนเลส
1500,1537,มือจับสลักลาย #7220-'-280mm สีเงิน-สแตนเลส (SS),สแตนเลส
1502,1539,มือจับสลักลาย #7310-'-280mm สีเงิน-สแตนเลส (SS),สแตนเลส
1506,1543,มือจับสแตนเลส Sendai #710-150mm สีรมดำ (AC) (แผง),สแตนเลส
1507,1544,ขอสับสแตนเลส Sendai #780 สีเงิน-สแตนเลส (SS) (แผง),สแตนเลส
1508,1545,มือจับเหล็กนโปเลียน #995 สีรมดำ (AC),เหล็ก
1510,1547,มือจับเหล็กปั้มโครเมียม #666,เหล็ก
1512,1549,ยางกันยุงขนสักหลาด 100cm สีน้ำตาล,ยาง
1513,1550,ยางคอกาพ่น สีส้ม,ยาง
1514,1551,ระดับน้ำแม่เหล็ก META 12in,เหล็ก
1515,1552,ระดับน้ำแม่เหล็ก META 18in,เหล็ก
1516,1553,ระดับน้ำแม่เหล็ก META 36in,เหล็ก
1538,1575,ลูกบิด Sendai #701 สีเงิน-สแตนเลส (SS) (แผง),สแตนเลส
1555,1592,ลูกบิดสแตนเลส Sendai #7400 สีเงิน-สแตนเลส (SS),สแตนเลส
1559,1596,ลูกลอยแกน ข้อตรงCECO 1in สีเงิน-สแตนเลส (SS),สแตนเลส
1560,1597,ลูกลอยแกน ข้อตรงCECO 3/4in สีเงิน-สแตนเลส (SS),สแตนเลส
1608,1645,สิ่วลบเหลี่ยมด้ามไฟเบอร์ META 1/4in,ไฟเบอร์
1609,1646,สิ่วลบเหลี่ยมด้ามไฟเบอร์ META 5/8in,ไฟเบอร์
1626,1663,หัวฉีดน้ำทองเหลืองก้านตรง #DM-19-4in,ทองเหลือง
1630,1667,หัวแร้งแช่ด้ามพลาสติก 40W,พลาสติก
1642,1679,เกียงไม้พร้อมด้าม,ไม้
1645,1682,น้ำยาทาไม้ Chaindrite 1.8l สีน้ำตาล,ไม้
1657,1694,เลื่อยตัดกิ่งตะขอบน ด้ามยาง 15in,ยาง
1660,1697,เสื้อโปโล Sendai สีเงิน-สแตนเลส (SS),สแตนเลส
1663,1700,เหล็กโป้วสี META #SS-19 สีเงิน-สแตนเลส (SS),สแตนเลส
1664,1701,เหล็กโป้วสีสแตนเลส META 1in,สแตนเลส
1665,1702,เหล็กโป้วสี ใบสาเก 1in,เหล็ก
1666,1703,เหล็กโป้วสี META #SS-19-2.5in สีเงิน-สแตนเลส (SS),สแตนเลส
1667,1704,เหล็กโป้วสี SOMIC 1.5in,เหล็ก
1668,1705,เหล็กโป้วสี SOMIC 2.5in,เหล็ก
1669,1706,เหล็กโป้วสี SOMIC 2in,เหล็ก
1674,1711,แปรงทาสีขนดำ KP 3/4in,ขนดำ
1690,1727,แปรงลวดทองเหลืองรูปไข่,ทองเหลือง
1692,1729,แผ่นตัดเหล็ก STL HON STAR 4in,เหล็ก
1737,1774,โฮลซอเจาะสแตนเลส META 19mm,สแตนเลส
1738,1775,โฮลซอเจาะสแตนเลส META 20mm,สแตนเลส
1739,1776,โฮลซอเจาะสแตนเลส META 25mm,สแตนเลส
1740,1777,โฮลซอเจาะสแตนเลส META 32mm,สแตนเลส
1741,1778,โฮลซอเจาะเหล็ก META 16mm,เหล็ก
1742,1779,โฮลซอเจาะเหล็ก META 18mm,เหล็ก
1743,1780,โฮลซอเจาะเหล็ก META 19mm,เหล็ก
1744,1781,โฮลซอเจาะเหล็ก META 20mm,เหล็ก
1745,1782,โฮลซอเจาะเหล็ก META 21mm,เหล็ก
1746,1783,โฮลซอเจาะเหล็ก META 22mm,เหล็ก
1747,1784,โฮลซอเจาะเหล็ก Eagle One 25mm,เหล็ก
1748,1785,โฮลซอเจาะเหล็ก META 25mm,เหล็ก
1749,1786,โฮลซอเจาะเหล็ก META 26mm,เหล็ก
1750,1787,โฮลซอเจาะเหล็ก META 27mm,เหล็ก
1751,1788,โฮลซอเจาะเหล็ก META 28mm,เหล็ก
1752,1789,โฮลซอเจาะเหล็ก META 32mm,เหล็ก
1753,1790,โฮลซอเจาะเหล็ก META 33mm,เหล็ก
1754,1791,โฮลซอเจาะเหล็ก META 38mm,เหล็ก
1755,1792,โฮลซอเจาะเหล็ก META 51mm,เหล็ก
1756,1793,โฮลซอเจาะเหล็ก META 55mm,เหล็ก
1765,1802,ใบเลื่อยจิ๊กซอ B ตัดไม้หนาพิเศษ #T244D,ไม้
1766,1803,ใบเลื่อยจิ๊กซอตัดพลาสติก #2 (แผง),พลาสติก
1767,1804,ใบเลื่อยจิ๊กซอตัดไม้ #3 (แผง),ไม้
1768,1805,ใบเลื่อยจิ๊กซอตัดเหล็ก #118AB,เหล็ก
1769,1806,ใบเลื่อยจิ๊กซอตัดไม้ B #T101A0,ไม้
1770,1807,ใบเลื่อยจิ๊กซอตัดไม้ B #T144D,ไม้
1771,1808,ใบเลื่อยจิ๊กซอตัดไม้ B #T111C,ไม้
1772,1809,ใบเลื่อยตัดเหล็ก18T อีกิ๊ป,เหล็ก
1773,1810,ใบเลื่อยตัดเหล็ก24T อีกิ๊ป,เหล็ก
1774,1811,ใบเลื่อยตัดเหล็กหน้าใหญ่ อีกิ๊ป 1x14T,เหล็ก
1784,1821,ใบเลื่อยวงเดือนตัดไม้ Golden Lion 7x40T,ไม้
1811,1848,ระดับน้ำแม่เหล็กHEAVY #SD103-24in,เหล็ก
1815,1852,เกลียวเหล็กหัวเตเปอร์ 8x2in,เหล็ก
1816,1853,เกลียวเหล็กหัวเตเปอร์ 6x5/8in,เหล็ก
1817,1854,เกลียวเหล็กหัวเตเปอร์ 6x3/4in,เหล็ก
1824,1861,ฟองน้ำฉาบปูน 3/4in,ฟองน้ำ
1826,1863,บานพับสแตนเลส LINK 3.5in,สแตนเลส
1827,1864,บานพับสแตนเลส LINK 2in,สแตนเลส
1829,1866,บานพับสแตนเลส LINK 4in,สแตนเลส
1830,1867,กรรไกรตัดกิ่งไม้ #S-805-9in,ไม้
1834,1871,เหล็กโป้วสี STL Sendai #S333-1in,เหล็ก
1835,1872,เหล็กโป้วสี STL Sendai #S333-2in,เหล็ก
1836,1873,เหล็กโป้วสี STL Sendai #S333-1.5in,เหล็ก
1837,1874,เหล็กโป้วสี STL Sendai #S333-2.5in,เหล็ก
1838,1875,เหล็กโป้วสี Sendai #C111-2in,เหล็ก
1839,1876,เหล็กโป้วสี Sendai #C111-2.5in,เหล็ก
1840,1877,เหล็กโป้วสี Sendai #C111-3in,เหล็ก
1841,1878,ระดับน้ำไม่มีแม่เหล็ก META 12in,เหล็ก
1844,1881,กลอนเหล็กชุบขาว 5in,เหล็ก
1845,1882,กลอนเหล็กชุบขาว 6in,เหล็ก
1850,1887,เหล็กโป้วสีด้ามไม้ 2in,ไม้
1858,1895,แปรงทาสีขนดำ ABC 1.5in,ขนดำ
1859,1896,แปรงทาสีขนดำ ABC 3in,ขนดำ
1863,1900,น็อตเหล็กฝังคอนกรีต 1/2in,เหล็ก
1865,1902,สิ่วลบเหลี่ยมด้ามไม้ 3/4in,ไม้
1866,1903,สิ่วลบเหลี่ยมด้ามไม้ 1in,ไม้
1867,1904,สิ่วลบเหลี่ยมด้ามไม้ 1.25in,ไม้
1868,1905,สิ่วลบเหลี่ยมด้ามไม้ 1.5in,ไม้
1869,1906,สิ่วลบเหลี่ยมด้ามไม้ 1/2in,ไม้
1870,1907,สิ่วลบเหลี่ยมด้ามไม้ 3/8in,ไม้
1871,1908,สิ่วลบเหลี่ยมด้ามไฟเบอร์ 1.5in,ไฟเบอร์
1872,1909,สิ่วลบเหลี่ยมด้ามไฟเบอร์ 1in,ไฟเบอร์
1873,1910,สิ่วลบเหลี่ยมด้ามไฟเบอร์ 1.25in,ไฟเบอร์
1874,1911,ตะแกรงน้ำทิ้งสแตนเลส 1.5in,สแตนเลส
1875,1912,ตะแกรงน้ำทิ้งสแตนเลส 2in,สแตนเลส
1876,1913,ตะแกรงน้ำทิ้งสแตนเลส 2.5in,สแตนเลส
1877,1914,ตะแกรงน้ำทิ้งสแตนเลส 3in,สแตนเลส
1878,1915,ตะแกรงน้ำทิ้งสแตนเลส 4in,สแตนเลส
1880,1917,กลอนเหล็กรมดำ 4in,เหล็ก
1881,1918,กลอนเหล็กชุบขาว 4in,เหล็ก
1886,1923,บานพับ Sendai #2043-4x3in สีเงิน-สแตนเลส (SS),สแตนเลส
1887,1924,พุกพลาสติกแบบกิโล #5,พลาสติก
1888,1925,บานพับผีเสื้อสแตนเลส 4in,สแตนเลส
1895,1932,กลอนห้องน้ำกลาง Sendai #-3000 สีเงิน-สแตนเลส (SS),สแตนเลส
1898,1935,กุญแจลิ้นตาย สีเงิน-สแตนเลส (SS),สแตนเลส
1900,1937,ดจ.เจาะสแตนเลส ซองแดง ฉลาม 9/64,สแตนเลส
1901,1938,ดจ.สแตนเลส 1/4 กล่องแดง Golden Lion,สแตนเลส
1902,1939,ดจ.สแตนเลส 11/64 กล่องแดง Golden Lion,สแตนเลส
1908,1945,เกลียวเหล็กหัวเตเปอร์ #7x-1.5in,เหล็ก
1910,1947,กระดาษทรายขัดไม้ TOA #1,ไม้
1913,1950,โฮลซอเจาะเหล็ก META 30mm,เหล็ก
1914,1951,ดจ.สแตนเลส META 1/8in สีชา (ตัว),สแตนเลส
1921,1958,ดจ.สแตนเลส META 17/64นิ้ว,สแตนเลส
1922,1959,ดจ.สแตนเลส META 9/32นิ้ว,สแตนเลส
1923,1960,ดจ.สแตนเลส META 19/64นิ้ว,สแตนเลส
1924,1961,ดจ.สแตนเลส META 23/64นิ้ว,สแตนเลส
1925,1962,ดจ.สแตนเลส META 25/64นิ้ว,สแตนเลส
1926,1963,ดจ.สแตนเลส META 13/32นิ้ว,สแตนเลส
1927,1964,ดจ.สแตนเลส META 27/64นิ้ว,สแตนเลส
1928,1965,ดจ.สแตนเลส META 29/64นิ้ว,สแตนเลส
1929,1966,ดจ.สแตนเลส META 31/64นิ้ว,สแตนเลส
1930,1967,ดจ.สแตนเลส META 15/64นิ้ว,สแตนเลส
1931,1968,ดจ.สแตนเลส META 15/32นิ้ว,สแตนเลส
1932,1969,ดจ.สแตนเลส META 13/64นิ้ว,สแตนเลส
1933,1970,ดจ.สแตนเลส META 21/64นิ้ว,สแตนเลส
1938,1975,กุญแจเหล็กชุบ FION 25mm (แผง),เหล็ก
1954,1991,ฆ้อนหงอนด้ามไม้โอ๊ค 27mm,ไม้
1955,1992,น็อตเหล็กฝังคอนกรีต 5/16in,เหล็ก
1964,2001,กล่อง 3 ชั้น พุกพลาสติก #7-13.5x16x8.625in,พลาสติก
1974,2011,ดจ.สแตนเลสกล่องน้ำเงิน Golden Lion 1/16in,สแตนเลส
1975,2012,ดจ.สแตนเลสกล่องน้ำเงิน Golden Lion 3/32in,สแตนเลส
1976,2013,ดจ.สแตนเลสกล่องน้ำเงิน Golden Lion 5/64in,สแตนเลส
1977,2014,ดจ.สแตนเลสกล่องน้ำเงิน Golden Lion 7/32in,สแตนเลส
1978,2015,ดจ.สแตนเลสกล่องน้ำเงิน Golden Lion 9/64in,สแตนเลส
1992,2029,กลอนเหล็กจัมโบ้ Sendai #520-6in สีรมดำ (AC) (ตัว),เหล็ก
1993,2030,กลอนเหล็กจัมโบ้ Sendai #520-8in สีรมดำ (AC) (ตัว),เหล็ก
2004,2041,กลอนลูกเสือเหล็ก #1240-4in สีนิกเกิล (NK) (ตัว),เหล็ก
